Eustace,Pitts,Eustace.Pitts@test.com
Lonny,Mann,Lonny.Mann@test.com
Bryony,Plank,Bryony.Plank@test.com
Grahame,Bryant,Grahame.Bryant@test.com
Katriona,Crisp,Katriona.Crisp@test.com
Tempest,Cowden,Tempest.Cowden@test.com
Parnel,Hershey,Parnel.Hershey@test.com
Delroy,Bryce,Delroy.Bryce@test.com
Meadow,Morison,Meadow.Morison@test.com
Cole,Newman,Cole.Newman@test.com
Donald,Avery,Donald.Avery@test.com
Redd,Fortune,Redd.Fortune@test.com
Alexandrina,Waters,Alexandrina.Waters@test.com
Harvie,Westbrook,Harvie.Westbrook@test.com
Giselle,Alan,Giselle.Alan@test.com
Damion,Blakeslee,Damion.Blakeslee@test.com
Kristine,Dane,Kristine.Dane@test.com
Kairo,Myers,Kairo.Myers@test.com
Kalla,Thompsett,Kalla.Thompsett@test.com
Ethan,Jervis,Ethan.Jervis@test.com